{"mAP@0.5IOU": 0.946939, "average_precision": 0.946939, "classification_loss": 1.317305, "localization_loss": 0.25065}